Code_Acte,Libelle_Officiel,Prix_Ref_EUR,Categorie
430193006,Medication reconciliation (procedure),4.85,Acte médical
711069006,Coordination of care plan (procedure),5.09,Acte médical
76601001,Intramuscular injection (procedure),7.61,Acte médical
399014008,Administration of vaccine product containing only Bordetella pertussis and Clostridium tetani and Corynebacterium diphtheriae antigens (procedure),7.69,Acte médical
313191000,Injection of epinephrine (procedure),7.89,Acte médical
84478008,Occupational therapy (regime/therapy),8.31,Acte médical
1004045004,Intravitreal injection of anti-vascular endothelial growth factor (procedure),8.35,Acte médical
384700001,Injection of tetanus antitoxin (procedure),7.63,Acte médical
D1701,Pfizer-BioNTech Covid-19 vaccine administration - first dose,7.82,Acte médical
D1705,AstraZeneca Covid-19 vaccine administration - first dose,8.0,Acte médical
51116004,Passive immunization (procedure),7.85,Acte médical
236931002,Methotrexate injection into tubal pregnancy (procedure),8.29,Acte médical
D1704,Moderna Covid-19 vaccine administration - second dose,8.32,Acte médical
D1702,Pfizer-BioNTech Covid-19 vaccine administration - second dose,8.31,Acte médical
D1703,Moderna Covid-19 vaccine administration - first dose,7.96,Acte médical
1000126,1 ML medroxyprogesterone acetate 150 MG/ML Injection,7.77,Acte médical
205923,1 ML Epoetin Alfa 4000 UNT/ML Injection [Epogen],8.15,Acte médical
108515,1 ML tacrolimus 5 MG/ML Injection [Prograf],7.9,Acte médical
1803932,Leucovorin 100 MG Injection,7.93,Acte médical
1736776,10 ML oxaliplatin 5 MG/ML Injection,8.27,Acte médical
1804799,Alteplase 100 MG Injection,8.34,Acte médical
1665060,cefazolin 2000 MG Injection,8.1,Acte médical
1659263,1 ML heparin sodium  porcine 5000 UNT/ML Injection,7.8,Acte médical
1796676,25 ML protamine sulfate (USP) 10 MG/ML Injection,7.67,Acte médical
1740467,2 ML Ondansetron 2 MG/ML Injection,7.71,Acte médical
1808217,100 ML Propofol 10 MG/ML Injection,7.82,Acte médical
1729584,remifentanil 2 MG Injection,7.61,Acte médical
1809104,5 ML SUFentanil 0.05 MG/ML Injection,7.9,Acte médical
1728805,2 ML morphine sulfate 1 MG/ML Injection,8.02,Acte médical
200349,100 ML eptifibatide 0.75 MG/ML Injection,7.96,Acte médical
1719286,10 ML Furosemide 10 MG/ML Injection,7.87,Acte médical
1735006,10 ML Fentanyl 0.05 MG/ML Injection,8.36,Acte médical
1657066,4 ML bevacizumab 25 MG/ML Injection,7.86,Acte médical
1723208,10 ML Alfentanil 0.5 MG/ML Injection,8.07,Acte médical
583214,Paclitaxel 100 MG Injection,8.0,Acte médical
1736854,Cisplatin 50 MG Injection,8.17,Acte médical
1659131,piperacillin 2000 MG / tazobactam 250 MG Injection,7.64,Acte médical
1807510,150 ML vancomycin 5 MG/ML Injection,7.85,Acte médical
226719,etoposide 100 MG Injection [Etopophos],7.72,Acte médical
242969,4 ML norepinephrine 1 MG/ML Injection,8.07,Acte médical
1997015,50 ML bivalirudin 5 MG/ML Injection,8.19,Acte médical
1732186,100 ML Epirubicin Hydrochloride 2 MG/ML Injection,7.78,Acte médical
1737466,100 ML tirofiban 0.05 MG/ML Injection,7.64,Acte médical
2119714,5 ML hyaluronidase-oysk 2000 UNT/ML / trastuzumab-oysk 120 MG/ML Injection,7.61,Acte médical
1807513,vancomycin 1000 MG Injection,8.16,Acte médical
1659149,piperacillin 4000 MG / tazobactam 500 MG Injection,7.95,Acte médical
2103182,1 ML Vasopressin (USP) 20 UNT/ML Injection,7.81,Acte médical
1657981,20 ML tocilizumab 20 MG/ML Injection,7.85,Acte médical
713106006,Vaccination antipaludique,9.19,Acte médical
169553002,Pose de voie veineuse périphérique,14.46,Acte médical
91251008,Séance de kinésithérapie,32.25,Acte médical
23426006,Explorations fonctionnelles respiratoires (EFR),40.3,Acte médical
5880005,Suture de plaie (par points),44.23,Acte technique
288086009,Suture open wound (procedure),119.15,Acte technique
76164006,Biopsy of colon (procedure),120.36,Acte technique
D7286,incisional biopsy of oral tissue-soft,118.29,Acte technique
D7910,suture of recent small wounds up to 5 cm,118.64,Acte technique
65575008,Biopsy of prostate (procedure),121.39,Acte technique
D7285,incisional biopsy of oral tissue-hard (bone  tooth),119.45,Acte technique
D7510,incision and drainage of abscess - intraoral soft tissue,117.24,Acte technique
122548005,Biopsy of breast (procedure),115.22,Acte technique
396487001,Sentinel lymph node biopsy (procedure),117.53,Acte technique
D7288,brush biopsy - transepithelial sample collection,118.6,Acte technique
432231006,Fine needle aspiration biopsy of lung (procedure),116.31,Acte technique
D7520,incision and drainage of abscess  extraoral soft tissue,118.45,Acte technique
D7511,incision and drainage of abscess - intraoral soft tissue - complicated (includes drainage of multiple fascial spaces),125.1,Acte technique
180325003,Prélèvement sanguin veineux,4.43,Biologie
104091002,Hemogram  automated  with red blood cells  white blood cells  hemoglobin  hematocrit  indices  platelet count  and manual white blood cell differential (procedure),14.47,Biologie
117010004,Urine culture (procedure),15.44,Biologie
395123002,Urine screening test for diabetes (procedure),14.86,Biologie
60218003,Urinalysis  protein  qualitative (procedure),15.44,Biologie
443529005,Detection of chromosomal aneuploidy in prenatal amniotic fluid specimen using fluorescence in situ hybridization screening technique (procedure),15.04,Biologie
268556000,Urine screening for glucose (procedure),15.63,Biologie
14768001,Peripheral blood smear interpretation (procedure),15.34,Biologie
117015009,Throat culture (procedure),15.42,Biologie
441550005,Urinalysis with reflex to microscopy and culture (procedure),15.66,Biologie
57617002,Urine specimen collection (procedure),14.47,Biologie
266753000,Referral for laboratory tests (procedure),14.55,Biologie
116861002,Transfusion of fresh frozen plasma (procedure),14.61,Biologie
9564003,Complete blood count with white cell differential  automated (procedure),15.14,Biologie
D0416,viral culture,15.22,Biologie
26604007,Complete blood count (procedure),15.36,Biologie
866146005,Serum metabolic panel (procedure),14.78,Biologie
15220000,"Bilan hépatique (transaminases, PAL, GGT)",16.19,Biologie
90226004,Cytopathology procedure  preparation of smear  genital source (procedure),33.95,Biologie
D0502,other oral pathology procedures  by report,34.03,Biologie
D0415,collection of microorganisms for culture and sensitivity,36.27,Biologie
80146002,Appendicectomie,3205.46,Chirurgie
306316000,Referral to transplant surgeon (procedure),4388.46,Chirurgie
428830000,Pretransplant evaluation of kidney recipient (procedure),4376.34,Chirurgie
70536003,Transplant of kidney (procedure),4298.55,Chirurgie
711446003,Transplantation of kidney regime (regime/therapy),4450.08,Chirurgie
306185001,Referral to cardiac surgery service (procedure),4088.34,Chirurgie
63697000,Cardiopulmonary bypass operation (procedure),4359.81,Chirurgie
418824004,Off-pump coronary artery bypass (procedure),4449.58,Chirurgie
58776007,Autologous bone marrow transplant (procedure),4194.26,Chirurgie
268533009,Sterilization education (procedure),4071.32,Chirurgie
287664005,Ligation of bilateral fallopian tubes (procedure),4133.04,Chirurgie
90470006,Prostatectomy (procedure),4462.22,Chirurgie
414088005,Emergency coronary artery bypass graft (procedure),4341.36,Chirurgie
22523008,Vasectomy (procedure),4048.27,Chirurgie
232717009,Pontage aorto-coronarien (CABG),16371.73,Chirurgie
88039007,Transplantation rénale,39363.6,Chirurgie
274474001,Bone immobilization (procedure),24.06,Consultation
710824005,Assessment of health and social care needs (procedure),25.5,Consultation
710841007,Assessment of anxiety (procedure),23.88,Consultation
171207006,Depression screening (procedure),25.65,Consultation
428211000124100,Assessment of substance use (procedure),24.9,Consultation
103697008,Patient referral for dental care (procedure),24.72,Consultation
D8670,periodic orthodontic treatment visit,24.21,Consultation
261352009,Face mask (physical object),24.24,Consultation
D0120,periodic oral evaluation  established patient,24.61,Consultation
D1208,topical application of fluoride  excluding varnish,24.34,Consultation
252160004,Standard pregnancy test (procedure),24.47,Consultation
274804006,Évaluation du tabagisme / sevrage,24.9,Consultation
225158009,Auscultation of the fetal heart (procedure),23.92,Consultation
44608003,Blood group typing (procedure),24.67,Consultation
47758006,Hepatitis B surface antigen measurement (procedure),25.86,Consultation
31676001,Human immunodeficiency virus antigen test (procedure),25.66,Consultation
310861008,Chlamydia antigen test (procedure),26.1,Consultation
165829005,Gonorrhea infection titer test (procedure),24.0,Consultation
269828009,Syphilis infectious titer test (procedure),25.28,Consultation
104375008,Hepatitis C antibody  confirmatory test (procedure),25.65,Consultation
314098000,Rubella screening test (procedure),25.9,Consultation
104326007,Measurement of Varicella-zoster virus antibody (procedure),23.97,Consultation
28163009,Skin test for tuberculosis  Tine test (procedure),24.38,Consultation
271442007,Fetal anatomy study (procedure),24.87,Consultation
275833003,Alpha-fetoprotein test - antenatal (procedure),25.34,Consultation
118001005,Streptococcus pneumoniae group B antigen assay (procedure),24.36,Consultation
18946005,Epidural anesthesia (procedure),24.83,Consultation
237001001,Augmentation of labor (procedure),25.31,Consultation
D3310,endodontic therapy anterior tooth excluding final restoration,25.53,Consultation
10383002,Counseling for termination of pregnancy (procedure),26.06,Consultation
714812005,Induced termination of pregnancy (procedure),23.83,Consultation
386394001,Pregnancy termination care (regime/therapy),24.15,Consultation
85548006,Episiotomy (procedure),25.76,Consultation
866148006,Screening for domestic abuse (procedure),24.7,Consultation
301807007,Removal of subcutaneous contraceptive (procedure),24.14,Consultation
763302001,Assessment using Alcohol Use Disorders Identification Test - Consumption (procedure),23.85,Consultation
84100007,History taking (procedure),26.24,Consultation
16830007,Visual acuity testing (procedure),24.51,Consultation
252832004,Intraocular pressure test (procedure),25.7,Consultation
55468007,Ocular slit lamp examination (procedure),24.78,Consultation
389153003,Indirect gonioscopy (procedure),25.87,Consultation
314971001,Camera fundoscopy (procedure),23.98,Consultation
722161008,Diabetic retinal eye exam (procedure),24.04,Consultation
D1206,topical application of fluoride varnish,25.97,Consultation
D0150,comprehensive oral evaluation  new or established patient,23.92,Consultation
D2393,resinbased composite  three surfaces posterior,25.66,Consultation
715252007,Depression screening using Patient Health Questionnaire Nine Item score (procedure),25.5,Consultation
D7210,extraction erupted tooth requiring removal of bone and/or sectioning of tooth and including elevation of mucoperiosteal flap if indicated,25.1,Consultation
D7140,extraction erupted tooth or exposed root elevation and/or forceps removal,25.47,Consultation
D2391,resinbased composite  one surface posterior,24.72,Consultation
D2740,crown  porcelain/ceramic,26.25,Consultation
D1120,prophylaxis  child,25.48,Consultation
D9220,D9220,24.0,Consultation
D9223,deep sedation/general anesthesia  each subsequent 15 minute increment,24.07,Consultation
311791003,Information gathering (procedure),26.15,Consultation
D1110,prophylaxis  adult,24.73,Consultation
D0170,reevaluation  limited problem focused established patient not postoperative visit,24.41,Consultation
415300000,Review of systems (procedure),26.2,Consultation
162676008,Brief general examination (procedure),26.08,Consultation
D2331,resinbased composite  two surfaces anterior,24.2,Consultation
D2930,prefabricated stainless steel crown  primary tooth,25.28,Consultation
395142003,Allergy screening test (procedure),24.21,Consultation
D6750,retainer crown  porcelain fused to high noble metal,23.82,Consultation
D6205,pontic  indirect resin based composite,25.15,Consultation
D6793,interim retainer crown  further treatment or completion of diagnosis necessary prior to final impression,24.0,Consultation
D6210,pontic  cast high noble metal,25.87,Consultation
171231001,Asthma screening (procedure),25.78,Consultation
D2392,resinbased composite  two surfaces posterior,24.98,Consultation
D2934,prefabricated esthetic coated stainless steel crown  primary tooth,23.97,Consultation
180256009,Subcutaneous immunotherapy (procedure),24.24,Consultation
305428000,Admission to orthopedic department (procedure),25.84,Consultation
868187001,Assessment using Car  Relax  Alone  Forget  Friends  Trouble Screening Test (procedure),26.13,Consultation
386516004,Anticipatory guidance (procedure),25.58,Consultation
D0140,limited oral evaluation  problem focused,26.06,Consultation
223470000,Discussion about signs and symptoms (procedure),26.18,Consultation
386478007,Triage: emergency center (procedure),25.96,Consultation
61746007,Taking patient vital signs (procedure),26.16,Consultation
14736009,History and physical examination with evaluation and management of patient (procedure),23.93,Consultation
281789004,Antibiotic therapy (procedure),24.61,Consultation
58000006,Patient discharge (procedure),24.22,Consultation
67879005,History and physical examination  limited (procedure),24.69,Consultation
386053000,Evaluation procedure (procedure),23.83,Consultation
229064008,Movement therapy (regime/therapy),24.36,Consultation
46706006,Replacement of contraceptive intrauterine device (procedure),25.64,Consultation
1263416007,Removal of intrauterine contraceptive device (procedure),24.27,Consultation
65546002,Extraction of wisdom tooth (procedure),23.94,Consultation
52052004,Rehabilitation therapy (regime/therapy),24.04,Consultation
31208007,Medical induction of labor (procedure),25.22,Consultation
D7411,excision of benign lesion greater than 1.25 cm,24.06,Consultation
65200003,Insertion of intrauterine contraceptive device (procedure),24.98,Consultation
D0145,oral evaluation for a patient under three years of age and counseling with primary caregiver,24.13,Consultation
D0602,caries risk assessment and documentation with a finding of moderate risk,25.38,Consultation
371908008,Oxygen administration by mask (procedure),24.97,Consultation
431182000,Placing subject in prone position (procedure),24.28,Consultation
D1330,oral hygiene instructions,24.6,Consultation
D1351,sealant  per tooth,25.84,Consultation
228557008,Cognitive and behavioral therapy (regime/therapy),25.36,Consultation
D8080,comprehensive orthodontic treatment of the adolescent dentition,24.6,Consultation
D4999,unspecified periodontal procedure by report,25.43,Consultation
D6240,pontic  porcelain fused to high noble metal,24.8,Consultation
D0802,3D dental surface scan - indirect,25.29,Consultation
D4341,periodontal scaling and root planing  four or more teeth per quadrant,24.28,Consultation
104435004,Screening for occult blood in feces (procedure),25.09,Consultation
274031008,Rectal polypectomy (procedure),25.95,Consultation
700070005,Optical coherence tomography of retina (procedure),24.12,Consultation
D5730,reline complete maxillary denture direct,24.15,Consultation
762993000,Assessment using Morse Fall Scale (procedure),25.64,Consultation
183519002,Referral to cardiology service (procedure),26.02,Consultation
698314001,Consultation for treatment (procedure),26.25,Consultation
736169004,Post anesthesia care management (procedure),26.14,Consultation
415070008,Percutaneous coronary intervention,24.13,Consultation
D0603,caries risk assessment and documentation  with a finding of high risk,25.0,Consultation
D0601,caries risk assessment and documentation  with a finding of low risk,24.43,Consultation
D0604,antigen testing for a public health related pathogen  including coronavirus,25.71,Consultation
310417005,Certification procedure (procedure),24.79,Consultation
185087000,Notifications (procedure),26.21,Consultation
315639002,Initial patient assessment (procedure),23.77,Consultation
370789001,Development of individualized plan of care (procedure),24.52,Consultation
385763009,Hospice care (regime/therapy),25.73,Consultation
63332003,History AND physical examination (procedure),25.81,Consultation
409023009,Professional / ancillary services care (regime/therapy),24.84,Consultation
225386006,Pre-discharge assessment (procedure),24.56,Consultation
308283009,Discharge from hospital (procedure),25.14,Consultation
54550000,Electroencephalogram (procedure),26.14,Consultation
473231009,Renal disorder medication review (procedure),25.88,Consultation
D9310,consultation  diagnostic service provided by dentist or physician other than requesting dentist or physician,24.15,Consultation
D1203,D1203,24.39,Consultation
D1310,nutritional counseling for control of dental disease,26.21,Consultation
D0190,screening of a patient,25.21,Consultation
370995009,Health risks education (procedure),26.08,Consultation
D7290,surgical repositioning of teeth,23.82,Consultation
180207008,Intravenous blood transfusion of packed cells (procedure),26.08,Consultation
311555007,Speech and language therapy regime (regime/therapy),24.57,Consultation
103750000,Sleep apnea assessment (procedure),25.28,Consultation
698560000,Referral to sleep apnea clinic (procedure),25.87,Consultation
82808001,Sleep apnea monitoring with alarm (regime/therapy),24.84,Consultation
D9120,fixed partial denture sectioning,24.1,Consultation
D2330,resinbased composite  one surface anterior,25.8,Consultation
D1510,space maintainer  fixed unilateral  per quadrant,23.75,Consultation
D2933,prefabricated stainless steel crown with resin window,24.21,Consultation
D7999,unspecified oral surgery procedure by report,25.5,Consultation
269911007,Sputum examination (procedure),26.02,Consultation
15081005,Pulmonary rehabilitation (regime/therapy),24.79,Consultation
D0367,cone beam CT capture and interpretation with field of view of both jaws; with or without cranium,25.66,Consultation
D9243,intravenous moderate (conscious) sedation/analgesia - each subsequent 15 minute increment,25.68,Consultation
43075005,Partial resection of colon (procedure),24.45,Consultation
133899007,Postoperative care (regime/therapy),25.86,Consultation
703423002,Combined chemotherapy and radiation therapy (procedure),25.38,Consultation
D7953,bone replacement graft for ridge preservation - per site,25.42,Consultation
417511005,Referral to home health care service (procedure),25.99,Consultation
200619008,Comprehensive interview and evaluation (procedure),25.31,Consultation
183418007,Social case work (regime/therapy),25.44,Consultation
385781007,Home health aide service (regime/therapy),25.62,Consultation
D0460,pulp vitality tests,25.94,Consultation
D0703,2-D oral/facial photographic image obtained intra-orally or extra-orally - image capture only,25.84,Consultation
D0383,cone beam CT image capture with field of view of both jaws with or without cranium,25.77,Consultation
D6115,implant /abutment supported fixed denture for edentulous arch - mandibular,25.95,Consultation
D7550,partial ostectomy/sequestrectomy for removal of non-vital bone,24.04,Consultation
D9215,local anesthesia in conjunction with operative or surgical procedures,24.82,Consultation
D5924,cranial prosthesis,24.57,Consultation
236974004,Instrumental delivery (procedure),25.49,Consultation
D9242,D9242,24.87,Consultation
D7230,removal of impacted tooth  partially bony,26.11,Consultation
110467000,Pre-surgery testing (procedure),24.31,Consultation
709138001,Notification of treatment plan (procedure),24.51,Consultation
410538000,Scheduling (procedure),24.34,Consultation
392247006,Insertion of catheter into artery (procedure),26.01,Consultation
410770002,Administration of anesthesia for procedure (procedure),24.1,Consultation
65677008,Pulmonary catheterization with Swan-Ganz catheter (procedure),25.62,Consultation
223495004,Preparation of patient for procedure (regime/therapy),23.95,Consultation
42825003,Cannulation (procedure),25.06,Consultation
301882004,Placement of aortic cross clamp (procedure),25.71,Consultation
8290005,Induced cardioplegia (procedure),26.02,Consultation
359672006,Median sternotomy (procedure),26.0,Consultation
301884003,Removal of aortic cross clamp (procedure),25.72,Consultation
233553003,Vascular cannula removal (procedure),25.59,Consultation
23745001,Documentation procedure (procedure),25.22,Consultation
D5820,interim partial denture including retentive/clasping materials rests and teeth maxillary,23.92,Consultation
D2140,amalgam  one surface primary or permanent,24.52,Consultation
D2750,crown  porcelain fused to high noble metal,24.88,Consultation
271280005,Removal of endotracheal tube (procedure),23.92,Consultation
71493000,Transfusion of packed red blood cells (procedure),25.27,Consultation
306706006,Discharge to ward (procedure),25.4,Consultation
243063003,Postoperative procedure education (procedure),24.33,Consultation
302761001,Walking exercise test (procedure),24.89,Consultation
252482003,Stair-climbing test (procedure),24.42,Consultation
710839006,Assessment of cardiac status using monitoring device (procedure),26.18,Consultation
165197003,Diagnostic assessment (procedure),24.92,Consultation
762998009,Assessment using New York Heart Association Classification (procedure),25.11,Consultation
423475008,Heart failure education (procedure),25.38,Consultation
225338004,Risk assessment (procedure),26.15,Consultation
365853002,Imaging finding (finding),26.13,Consultation
183976008,Operative procedure planned (situation),26.04,Consultation
709010006,Liaising with referral source (procedure),25.66,Consultation
312853008,Medical records review (procedure),25.78,Consultation
772071006,Referral to dentist (procedure),24.22,Consultation
252480006,Simple walk test (procedure),23.98,Consultation
763228001,Assessment using Canadian Study of Health and Aging Clinical Frailty Scale (procedure),23.77,Consultation
445988008,Assessment using health assessment questionnaire (procedure),25.65,Consultation
312384001,Multidisciplinary assessment (procedure),24.31,Consultation
D0180,comprehensive periodontal evaluation  new or established patient,26.16,Consultation
133900002,Intraoperative care (regime/therapy),24.32,Consultation
34896006,Incision (procedure),25.8,Consultation
26212005,Replacement of aortic valve (procedure),25.6,Consultation
58828004,Application of dressing  sterile (procedure),26.09,Consultation
37729005,Patient transfer  in-hospital (procedure),25.01,Consultation
D7240,removal of impacted tooth  completely bony,25.8,Consultation
D2335,resinbased composite  four or more surfaces or involving incisal angle anterior,24.29,Consultation
D9430,office visit for observation during regularly scheduled hours  no other services performed,24.5,Consultation
D0801,3D dental surface scan - direct,26.1,Consultation
D5110,complete denture - maxillary,25.73,Consultation
413180006,Pan retinal photocoagulation for diabetes (procedure),25.67,Consultation
D9920,behavior management  by report,24.83,Consultation
D0804,3D facial surface scan - indirect,24.2,Consultation
D7320,alveoloplasty not in conjunction with extractions - four or more teeth or tooth spaces  per quadrant,24.53,Consultation
446573003,Continuous positive airway pressure titration (procedure),25.43,Consultation
D7960,D7960,25.17,Consultation
D9221,D9221,25.48,Consultation
D2332,resinbased composite  three surfaces anterior,23.89,Consultation
699253003,Surgical manipulation of joint of knee (procedure),24.06,Consultation
D9420,hospital or ambulatory surgical center call,24.73,Consultation
12719002,Platelet transfusion (procedure),25.25,Consultation
169673001,Antenatal RhD antibody screening (procedure),25.46,Consultation
D9230,inhalation of nitrous oxide/analgesia anxiolysis,25.59,Consultation
290045001,Kitchen practice (regime/therapy),24.44,Consultation
229095001,Exercise class (regime/therapy),23.96,Consultation
D2950,core buildup  including any pins when required,24.84,Consultation
D6740,retainer crown - porcelain/ceramic,24.49,Consultation
D2150,amalgam - two surfaces  primary or permanent,24.68,Consultation
D7530,removal of foreign body from mucosa  skin  or subcutaneous alveolar tissue,24.09,Consultation
D0803,3D facial surface scan - direct,25.84,Consultation
112798008,Insertion of endotracheal tube (procedure),24.19,Consultation
243150007,Assist control ventilation (regime/therapy),24.19,Consultation
225415001,Close observation (regime/therapy),26.11,Consultation
D0171,reevaluation  postoperative office visit,25.39,Consultation
D2999,unspecified restorative procedure by report,25.9,Consultation
D2160,amalgam - three surfaces  primary or permanent,25.96,Consultation
D7250,removal of residual tooth roots (cutting procedure),25.73,Consultation
410006001,Digital examination of rectum (procedure),25.79,Consultation
170245002,Child examination: school screening (procedure),26.21,Consultation
308481009,Referral to orthopedic surgeon (procedure),24.29,Consultation
417656005,Osteopathic postural examination (procedure),26.16,Consultation
122869004,Measurement procedure (procedure),24.32,Consultation
737617004,Referral to prosthetic service (procedure),26.19,Consultation
305433001,Admission to trauma surgery department (procedure),24.82,Consultation
392091000,Care regimes assessment (procedure),24.72,Consultation
440546007,Discussion about pregnancy (procedure),25.7,Consultation
D9999,unspecified adjunctive procedure by report,25.78,Consultation
D9110,palliative treatment of dental pain - per visit,24.24,Consultation
448337001,Telemedicine consultation with patient (procedure),24.47,Consultation
D7310,alveoloplasty in conjunction with extractions - four or more teeth or tooth spaces  per quadrant,24.45,Consultation
397539000,Grid retinal photocoagulation (procedure),25.54,Consultation
D5213,maxillary partial denture - cast metal framework with resin denture bases (including retentive/clasping materials  rests and teeth),24.25,Consultation
D9222,deep sedation/general anesthesia - first 15 minutes,24.84,Consultation
D4355,full mouth debridement to enable a comprehensive periodontal evaluation and diagnosis on a subsequent visit,25.12,Consultation
D2931,prefabricated stainless steel crown - permanent tooth,24.35,Consultation
D2929,prefabricated porcelain/ceramic crown - primary tooth,25.41,Consultation
D7460,removal of benign nonodontogenic cyst or tumor - lesion diameter up to 1.25 cm,26.14,Consultation
D7287,exfoliative cytological sample collection,25.83,Consultation
D7251,coronectomy - intentional partial tooth removal  impacted teeth only,25.31,Consultation
D7270,tooth re-implantation and/or stabilization of accidentally evulsed or displaced tooth,26.11,Consultation
367494004,Premature birth of newborn (finding),24.02,Consultation
D3120,pulp cap  indirect excluding final restoration,24.15,Consultation
D1352,preventive resin restoration in a moderate to high caries risk patient  permanent tooth,25.13,Consultation
D8090,comprehensive orthodontic treatment of the adult dentition,24.61,Consultation
D4261,osseous surgery (including elevation of a full thickness flap and closure) - one to three contiguous teeth or tooth bounded spaces per quadrant,24.88,Consultation
D1999,unspecified preventive procedure  by report,24.56,Consultation
D9248,non-intravenous conscious sedation,25.61,Consultation
D0191,assessment of a patient,25.2,Consultation
D7413,excision of malignant lesion up to 1.25 cm,24.72,Consultation
241055006,Mammogram - symptomatic (procedure),25.77,Consultation
434363004,Human epidermal growth factor receptor 2 gene detection by fluorescence in situ hybridization (procedure),26.1,Consultation
433114000,Human epidermal growth factor receptor 2 gene detection by immunohistochemistry (procedure),24.69,Consultation
223487003,Discussion about options (procedure),24.85,Consultation
367336001,Chemotherapy (procedure),24.09,Consultation
443497002,Excision of sentinel lymph node (procedure),24.92,Consultation
392023007,Excision of lesion of breast (procedure),24.97,Consultation
473220001,Hematologic disorder medication review (procedure),23.79,Consultation
304532001,Treatment failure risk education (procedure),25.7,Consultation
304531008,Treatment side effects education (procedure),24.01,Consultation
394894008,Pre-operative chemotherapy (procedure),24.8,Consultation
D4263,bone replacement graft - retained natural tooth - first site in quadrant,24.97,Consultation
D5211,maxillary partial denture  resin base including retentive/clasping materials rests and teeth,24.37,Consultation
D2710,crown  resinbased composite indirect,26.15,Consultation
306206005,Referral to service (procedure),24.88,Consultation
D3220,therapeutic pulpotomy excluding final restoration  removal of pulp coronal to the dentinocemental junction and application of medicament,24.27,Consultation
D5411,adjust complete denture  mandibular,25.5,Consultation
25656009,Physical examination  complete (procedure),25.5,Consultation
35025007,Manual pelvic examination (procedure),25.24,Consultation
D5214,mandibular partial denture  cast metal framework with resin denture bases including retentive/clasping materials rests and teeth,24.48,Consultation
D2161,amalgam - four or more surfaces  primary or permanent,25.04,Consultation
D7620,maxilla - closed reduction (teeth immobilized  if present),24.21,Consultation
D1320,tobacco counseling for the control and prevention of oral disease,25.18,Consultation
D7311,alveoloplasty in conjunction with extractions - one to three teeth or tooth spaces  per quadrant,26.17,Consultation
D5670,replace all teeth and acrylic on cast metal framework (maxillary),24.49,Consultation
D6010,surgical placement of implant body: endosteal implant,25.96,Consultation
D6056,prefabricated abutment - includes modification and placement,25.93,Consultation
D0350,2D oral/facial photographic image obtained intra-orally or extra-orally,23.96,Consultation
D4210,gingivectomy or gingivoplasty - four or more contiguous teeth or tooth bounded spaces per quadrant,26.12,Consultation
D4211,gingivectomy or gingivoplasty - one to three contiguous teeth or tooth bounded spaces per quadrant,24.14,Consultation
D1555,D1555,24.42,Consultation
D9997,dental case management - patients with special health care needs,25.27,Consultation
D4342,periodontal scaling and root planing - one to three teeth per quadrant,25.64,Consultation
165355002,Patient informed - test result (situation),24.94,Consultation
410299006,Lab findings education  guidance  and counseling (procedure),25.68,Consultation
223484005,Discussion about treatment (procedure),26.0,Consultation
225953001,Evaluating response to treatment (procedure),24.38,Consultation
445528004,Treatment changed (situation),24.93,Consultation
D8210,removable appliance therapy,24.07,Consultation
D4910,periodontal maintenance,26.05,Consultation
24832002,Closed reduction of mandibular fracture (procedure),24.68,Consultation
37542007,Posttreatment stabilization  orthodontic device (procedure),24.71,Consultation
122856003,Oral examination (procedure),25.09,Consultation
69212005,Range of motion testing (procedure),25.61,Consultation
D2394,resinbased composite  four or more surfaces posterior,24.36,Consultation
D9940,D9940,24.89,Consultation
D2940,protective restoration,25.12,Consultation
183856001,Referral to hypertension clinic (procedure),25.05,Consultation
D7880,occlusal orthotic device by report,23.78,Consultation
D3320,endodontic therapy premolar tooth excluding final restoration,23.85,Consultation
D2751,crown  porcelain fused to predominantly base metal,25.53,Consultation
449214001,Transfer to stepdown unit (procedure),26.2,Consultation
D7220,removal of impacted tooth  soft tissue,25.17,Consultation
D1354,application of caries arresting medicament  per tooth,25.94,Consultation
D2799,interim crown  further treatment or completion of diagnosis necessary prior to final impression,24.8,Consultation
D2932,prefabricated resin crown,24.79,Consultation
D7981,excision of salivary gland  by report,24.87,Consultation
398171003,Hearing examination (procedure),25.55,Consultation
D9241,D9241,26.15,Consultation
D2752,crown  porcelain fused to noble metal,24.44,Consultation
D5120,complete denture - mandibular,25.49,Consultation
D5750,reline complete maxillary denture indirect,25.92,Consultation
183444007,Referral for further care (procedure),25.64,Consultation
D7952,sinus augmentation via a vertical approach,25.52,Consultation
D3110,pulp cap  direct excluding final restoration,25.23,Consultation
315124004,Human immunodeficiency virus viral load (procedure),25.69,Consultation
313660005,Absolute CD4 count procedure (procedure),26.21,Consultation
122460008,Reexploration procedure (procedure),26.0,Consultation
D4260,osseous surgery (including elevation of a full thickness flap and closure) - four or more contiguous teeth or tooth bounded spaces per quadrant,26.17,Consultation
D1204,D1204,25.11,Consultation
D0470,diagnostic casts,24.05,Consultation
D8070,comprehensive orthodontic treatment of the transitional dentition,23.9,Consultation
D6068,abutment supported retainer for porcelain/ceramic FPD,24.52,Consultation
D4212,gingivectomy or gingivoplasty to allow access for restorative procedure per tooth,25.0,Consultation
D2544,onlay  metallic  four or more surfaces,25.26,Consultation
D4264,bone replacement graft - retained natural tooth - each additional site in quadrant,25.34,Consultation
D6245,pontic - porcelain/ceramic,25.05,Consultation
179632003,Closed reduction of dislocation of temporomandibular joint (procedure),24.83,Consultation
D7111,extraction  coronal remnants - primary tooth,24.28,Consultation
180178009,Continuous subcutaneous infusion of insulin (procedure),26.04,Consultation
D5212,mandibular partial denture  resin base including retentive/clasping materials rests and teeth,25.79,Consultation
D7473,removal of torus mandibularis,24.05,Consultation
78429003,Referral to physical rehabilitation service (procedure),24.93,Consultation
D7921,collection and application of autologous blood concentrate product,24.86,Consultation
D5410,adjust complete denture - maxillary,26.23,Consultation
D6980,fixed partial denture repair necessitated by restorative material failure,24.53,Consultation
D7321,alveoloplasty not in conjunction with extractions - one to three teeth or tooth spaces  per quadrant,26.18,Consultation
D9210,local anesthesia not in conjunction with operative or surgical procedures,25.0,Consultation
D5421,adjust partial denture - maxillary,23.91,Consultation
D9450,case presentation  subsequent to detailed and extensive treatment planning,25.16,Consultation
3457005,Patient referral (procedure),25.78,Consultation
D7950,osseous  osteoperiosteal  or cartilage graft of the mandible or maxilla - autogenous or nonautogenous  by report,24.61,Consultation
392021009,Lumpectomy of breast (procedure),25.42,Consultation
410011004,Administration of anesthesia AND/OR sedation (procedure),25.77,Consultation
773996000,Transcatheter aortic valve implantation (procedure),24.62,Consultation
305342007,Admission to ward (procedure),24.4,Consultation
D7241,removal of impacted tooth - completely bony  with unusual surgical complications,24.58,Consultation
1287742003,Radiotherapy (procedure),25.35,Consultation
D5821,interim partial denture (including retentive/clasping materials  rests  and teeth)  mandibular,25.34,Consultation
D6104,bone graft at time of implant placement,24.41,Consultation
D6100,surgical removal of implant body,24.0,Consultation
D7260,oroantral fistula closure,24.57,Consultation
D1353,sealant repair - per tooth,25.06,Consultation
D3999,unspecified endodontic procedure  by report,23.97,Consultation
D4273,autogenous connective tissue graft procedure (including donor and recipient surgical sites) first tooth  implant  or edentulous tooth position in graft,24.16,Consultation
D2510,inlay - metallic - one surface,24.52,Consultation
D5130,immediate denture - maxillary,24.22,Consultation
D9212,trigeminal division block anesthesia,25.02,Consultation
D6999,unspecified fixed prosthodontic procedure by report,25.19,Consultation
D2954,prefabricated post and core in addition to crown,24.84,Consultation
D5751,reline complete mandibular denture (indirect),24.87,Consultation
D9239,intravenous moderate (conscious) sedation/analgesia- first 15 minutes,24.16,Consultation
D2630,inlay - porcelain/ceramic - three or more surfaces,24.04,Consultation
D7261,primary closure of a sinus perforation,25.47,Consultation
D5951,feeding aid,25.56,Consultation
D2790,crown  full cast high noble metal,25.41,Consultation
D4265,biologic materials to aid in soft and osseous tissue regeneration  per site,24.82,Consultation
D9985,sales tax,24.88,Consultation
D6055,connecting bar - implant supported or abutment supported,25.5,Consultation
D0160,detailed and extensive oral evaluation - problem focused  by report,25.07,Consultation
D7922,placement of intra-socket biological dressing to aid in hemostasis or clot stabilization  per site,24.83,Consultation
D3330,endodontic therapy molar tooth excluding final restoration,24.88,Consultation
D6783,retainer crown - 3/4 porcelain/ceramic,23.95,Consultation
D7961,buccal / labial frenectomy (frenulectomy),25.21,Consultation
D5650,add tooth to existing partial denture,24.29,Consultation
D9910,application of desensitizing medicament,24.86,Consultation
D4381,localized delivery of antimicrobial agents via a controlled release vehicle into diseased crevicular tissue per tooth,24.84,Consultation
D7280,exposure of an unerupted tooth,25.78,Consultation
D5512,repair broken complete denture base  maxillary,25.42,Consultation
445912000,Excision of fallopian tube and surgical removal of ectopic pregnancy (procedure),24.99,Consultation
D0290,D0290,24.83,Consultation
429609002,Lung volume reduction surgery (procedure),26.04,Consultation
D0366,cone beam CT capture and interpretation with field of view of one full dental arch - maxilla  with or without cranium,25.35,Consultation
D7282,mobilization of erupted or malpositioned tooth to aid eruption,23.78,Consultation
D6751,retainer crown  porcelain fused to predominantly base metal,25.45,Consultation
D0478,immunohistochemical stains,24.74,Consultation
D0475,decalcification procedure,23.99,Consultation
D5999,unspecified maxillofacial prosthesis  by report,25.28,Consultation
D5932,obturator prosthesis  definitive,25.54,Consultation
D0382,cone beam CT image capture with field of view of one full dental arch - maxilla  with or without cranium,25.4,Consultation
D5761,reline mandibular partial denture indirect,26.25,Consultation
D4240,gingival flap procedure  including root planing - four or more contiguous teeth or tooth bounded spaces per quadrant,24.12,Consultation
D2643,onlay  porcelain/ceramic  three surfaces,26.12,Consultation
387685009,Surgical manipulation of shoulder joint (procedure),24.33,Consultation
D6057,custom fabricated abutment - includes placement,23.99,Consultation
D6011,surgical access to an implant body (second stage implant surgery),23.79,Consultation
177765008,Opening of chest (procedure),25.22,Consultation
D7951,sinus augmentation with bone or bone substitutes via a lateral open approach,25.74,Consultation
D4266,guided tissue regeneration  natural teeth - resorbable barrier  per site,25.08,Consultation
D4275,non-autogenous connective tissue graft (including recipient site and donor material) first tooth  implant  or edentulous tooth position in graft,23.77,Consultation
D7971,excision of pericoronal gingiva,23.98,Consultation
D5640,replace broken teeth - per tooth,25.6,Consultation
D4921,gingival irrigation with a medicinal agent - per quadrant,25.49,Consultation
D0364,cone beam CT capture and interpretation with limited field of view - less than one whole jaw,24.05,Consultation
D6080,implant maintenance procedures when prostheses are removed and reinserted  including cleansing of prostheses and abutments,25.32,Consultation
167995008,Sputum microscopy (procedure),25.22,Consultation
D6101,debridement of a peri-implant defect or defects surrounding a single implant  and surface cleaning of the exposed implant surfaces  including flap entry and closure,25.51,Consultation
D7450,removal of benign odontogenic cyst or tumor  lesion diameter up to 1.25 cm,25.23,Consultation
D5422,adjust partial denture - mandibular,25.53,Consultation
D7440,excision of malignant tumor - lesion diameter up to 1.25 cm,25.78,Consultation
D0365,cone beam CT capture and interpretation with field of view of one full dental arch - mandible,24.58,Consultation
385798007,Radiation therapy care (regime/therapy),25.81,Consultation
D6110,implant /abutment supported removable denture for edentulous arch - maxillary,24.5,Consultation
D2390,resinbased composite crown anterior,24.32,Consultation
D7996,implantmandible for augmentation purposes excluding alveolar ridge by report,25.57,Consultation
D7881,occlusal orthotic device adjustment,25.76,Consultation
313521,tropicamide 5 MG/ML Ophthalmic Solution,25.95,Consultation
630208,albuterol 0.83 MG/ML Inhalation Solution,25.25,Consultation
1870230,NDA020800 0.3 ML Epinephrine 1 MG/ML Auto-Injector,24.93,Consultation
1043400,Acetaminophen 21.7 MG/ML / Dextromethorphan Hydrobromide 1 MG/ML / doxylamine succinate 0.417 MG/ML Oral Solution,24.6,Consultation
1856546,levonorgestrel 0.000729 MG/HR Intrauterine System [Kyleena],24.94,Consultation
854235,0.4 ML Enoxaparin sodium 100 MG/ML Prefilled Syringe,24.92,Consultation
999998,amlodipine 5 MG / hydrochlorothiazide 12.5 MG / olmesartan medoxomil 40 MG [Tribenzor],25.65,Consultation
854252,1 ML Enoxaparin sodium 150 MG/ML Prefilled Syringe,23.83,Consultation
807283,levonorgestrel 0.000833 MG/HR Intrauterine System [Mirena],23.98,Consultation
1605257,levonorgestrel 0.000813 MG/HR Intrauterine System [Liletta],26.16,Consultation
245314,albuterol 5 MG/ML Inhalation Solution,23.93,Consultation
1534809,168 HR Ethinyl Estradiol 0.00146 MG/HR / norelgestromin 0.00625 MG/HR Transdermal System,24.76,Consultation
1367439,21 DAY ethinyl estradiol 0.000625 MG/HR / etonogestrel 0.005 MG/HR Vaginal System [NuvaRing],24.4,Consultation
542347,isoflurane 999 MG/ML Inhalation Solution,26.04,Consultation
200243,sevoflurane 1000 MG/ML Inhalation Solution,24.4,Consultation
1191013,proparacaine hydrochloride 5 MG/ML Ophthalmic Solution,24.45,Consultation
245134,72 HR Fentanyl 0.025 MG/HR Transdermal System,23.94,Consultation
198031,24 HR nicotine 0.292 MG/HR Transdermal System,25.9,Consultation
477045,Chlorpheniramine Maleate 2 MG/ML Oral Solution,26.06,Consultation
752899,0.25 ML Leuprolide Acetate 30 MG/ML Prefilled Syringe,25.46,Consultation
351136,albuterol 0.417 MG/ML Inhalation Solution,26.11,Consultation
1649987,doxycycline hyclate 100 MG,25.25,Consultation
996740,Memantine hydrochloride 2 MG/ML Oral Solution,24.3,Consultation
1648756,nitrofurantoin  macrocrystals 25 MG / nitrofurantoin  monohydrate 75 MG [Macrobid],25.23,Consultation
351137,albuterol 0.21 MG/ML Inhalation Solution,24.14,Consultation
808917,fosfomycin 3000 MG Granules for Oral Solution,25.08,Consultation
562366,desflurane 1000 MG/ML Inhalation Solution,25.78,Consultation
727762,5 ML fulvestrant 50 MG/ML Prefilled Syringe,23.86,Consultation
112790001,Nasal sinus endoscopy (procedure),165.56,Endoscopie
85765000,Fiberoptic bronchoscopy (procedure),173.88,Endoscopie
D0371,sialoendoscopy capture and interpretation,163.49,Endoscopie
73761001,Coloscopie totale avec/sans polypectomie,187.74,Endoscopie
713026007,Plain X-ray of humerus (procedure),23.75,Imagerie
D0220,intraoral  periapical first radiographic image,25.08,Imagerie
D0330,panoramic radiographic image,26.12,Imagerie
D0272,bitewings  two radiographic images,24.85,Imagerie
D0274,bitewings  four radiographic images,23.81,Imagerie
713021002,Plain X-ray of pelvis (procedure),24.32,Imagerie
1290459008,Plain X-ray of ankle region (procedure),24.44,Imagerie
D0230,intraoral  periapical each additional radiographic image,25.0,Imagerie
D0210,intraoral  comprehensive series of radiographic images,25.39,Imagerie
33367005,Angiography of coronary artery (procedure),24.82,Imagerie
312681000,Bone density scan (procedure),25.27,Imagerie
127783003,Spirometry (procedure),24.01,Imagerie
433112001,Percutaneous mechanical thrombectomy of portal vein using fluoroscopic guidance with contrast (procedure),24.24,Imagerie
D0702,2-D cephalometric radiographic image - image capture only,24.4,Imagerie
168594001,Plain X-ray of clavicle (procedure),24.28,Imagerie
29303009,Electrocardiographic procedure (procedure),24.18,Imagerie
D0240,intraoral  occlusal radiographic image,25.46,Imagerie
1290407002,Plain X-ray of knee region (procedure),24.59,Imagerie
713024005,Plain X-ray of wrist region (procedure),24.11,Imagerie
183830008,Referral for X-ray (procedure),26.07,Imagerie
1290953004,Plain X-ray of spine and pelvis (procedure),26.06,Imagerie
71651007,Mammography (procedure),25.54,Imagerie
1290789000,Plain X-ray of mandible (procedure),26.04,Imagerie
D0701,panoramic radiographic image - image capture only,24.59,Imagerie
76746007,Cardiovascular stress testing (procedure),25.95,Imagerie
D0273,bitewings  three radiographic images,25.6,Imagerie
D0250,extra-oral - 2D projection radiographic image created using a stationary radiation source  and detector,24.88,Imagerie
24623002,Screening mammography (procedure),26.15,Imagerie
268400002,12 lead electrocardiogram (procedure),25.04,Imagerie
D0270,bitewing  single radiographic image,24.63,Imagerie
D0340,2D cephalometric radiographic image  acquisition measurement and analysis,24.37,Imagerie
D0277,vertical bitewings  7 to 8 radiographic images,23.94,Imagerie
433236007,Transthoracic echocardiography (procedure),68.93,Imagerie
390791001,Referral for echocardiography (procedure),74.09,Imagerie
105376000,Transesophageal echocardiography (procedure),70.04,Imagerie
1571000087109,Ultrasonography of bilateral breasts (procedure),74.8,Imagerie
399208008,Holter ECG 24 heures,78.78,Imagerie
40701008,Échocardiographie transthoracique,80.02,Imagerie
418023006,Computed tomography of chest  abdomen and pelvis (procedure),111.95,Imagerie
418891003,Computed tomography of chest and abdomen (procedure),113.69,Imagerie
698354004,Magnetic resonance imaging for measurement of brain volume (procedure),118.91,Imagerie
16335031000119103,High resolution computed tomography of chest without contrast (procedure),112.8,Imagerie
241615005,Magnetic resonance imaging of breast (procedure),113.01,Imagerie
169230002,Auscultation du rythme cardiaque fœtal,14.27,Obstétrique
386216000,Human parturition  function (observable entity),728.54,Obstétrique
11466000,Césarienne (urgence ou programmée),1415.59,Obstétrique
1049221,Prégabaline 75mg (56 gél),21.86,Pharmacie - Analgésie
866924,Doxycycline 100mg (14 gél),3.05,Pharmacie - Antibiotique
860975,Metformine 850mg (90 cps),2.09,Pharmacie - Diabétologie
562251,Glipizide 5mg (30 cps),3.17,Pharmacie - Diabétologie
1860480,Vitamine D3 100 000 UI (ampoule),2.9,Pharmacie - Divers
410401003,Nursing care/supplementary surveillance (regime/therapy),3.63,Pharmacie - Divers
D9610,therapeutic parenteral drug  single administration,3.33,Pharmacie - Divers
D9630,drugs or medicaments dispensed in the office for home use,3.51,Pharmacie - Divers
D9612,therapeutic parenteral drugs two or more administrations different medications,3.55,Pharmacie - Divers
389221,Etonogestrel 68 MG Drug Implant,3.43,Pharmacie - Divers
1366343,Levonorgestrel 0.00354 MG/HR Drug Implant,3.37,Pharmacie - Divers
D5986,fluoride gel carrier,18.53,Pharmacie - Divers
861467,Meperidine Hydrochloride 50 MG Oral Tablet,17.87,Pharmacie - Divers
313782,Acetaminophen 325 MG Oral Tablet,17.3,Pharmacie - Divers
849574,Naproxen sodium 220 MG Oral Tablet,18.21,Pharmacie - Divers
1049630,diphenhydrAMINE Hydrochloride 25 MG Oral Tablet,17.74,Pharmacie - Divers
895996,120 ACTUAT fluticasone propionate 0.044 MG/ACTUAT Metered Dose Inhaler [Flovent],17.82,Pharmacie - Divers
748879,{21 (ethinyl estradiol 0.03 MG / levonorgestrel 0.15 MG Oral Tablet) / 7 (inert ingredients 1 MG Oral Tablet) } Pack [Levora 0.15/30 28 Day],18.54,Pharmacie - Divers
997488,Fexofenadine hydrochloride 30 MG Oral Tablet,17.68,Pharmacie - Divers
856987,Acetaminophen 300 MG / Hydrocodone Bitartrate 5 MG Oral Tablet,17.31,Pharmacie - Divers
1049625,Acetaminophen 325 MG / Oxycodone Hydrochloride 10 MG Oral Tablet [Percocet],18.67,Pharmacie - Divers
835603,tramadol hydrochloride 50 MG Oral Tablet,18.01,Pharmacie - Divers
749762,{7 (ethinyl estradiol 0.01 MG Oral Tablet) / 84 (ethinyl estradiol 0.03 MG / levonorgestrel 0.15 MG Oral Tablet) } Pack [Seasonique],18.68,Pharmacie - Divers
978950,{5 (dienogest 2 MG / estradiol valerate 2 MG Oral Tablet) / 17 (dienogest 3 MG / estradiol valerate 2 MG Oral Tablet) / 2 (estradiol valerate 1 MG Oral Tablet) / 2 (estradiol valerate 3 MG Oral Tablet) / 2 (inert ingredients 1 MG Oral Tablet) } Pack [Natazia 28 Day],18.45,Pharmacie - Divers
308192,Amoxicillin 500 MG Oral Tablet,17.39,Pharmacie - Divers
313820,Acetaminophen 160 MG Chewable Tablet,17.13,Pharmacie - Divers
198405,Ibuprofen 100 MG Oral Tablet,18.84,Pharmacie - Divers
309097,Cefuroxime 250 MG Oral Tablet,18.06,Pharmacie - Divers
312617,predniSONE 5 MG Oral Tablet,18.19,Pharmacie - Divers
351109,budesonide 0.25 MG/ML Inhalation Suspension,17.41,Pharmacie - Divers
748856,{24 (drospirenone 3 MG / ethinyl estradiol 0.02 MG Oral Tablet) / 4 (inert ingredients 1 MG Oral Tablet) } Pack [Yaz 28 Day],18.28,Pharmacie - Divers
617296,amoxicillin 500 MG / clavulanate 125 MG Oral Tablet,17.25,Pharmacie - Divers
197454,cephalexin 500 MG Oral Tablet,17.27,Pharmacie - Divers
751905,{7 (ethinyl estradiol 0.035 MG / norgestimate 0.18 MG Oral Tablet) / 7 (ethinyl estradiol 0.035 MG / norgestimate 0.215 MG Oral Tablet) / 7 (ethinyl estradiol 0.035 MG / norgestimate 0.25 MG Oral Tablet) / 7 (inert ingredients 1 MG Oral Tablet) } Pack [Trinessa 28 Day],17.7,Pharmacie - Divers
757594,{28 (norethindrone 0.35 MG Oral Tablet) } Pack [Jolivette 28 Day],17.5,Pharmacie - Divers
1860154,Abuse-Deterrent 12 HR Oxycodone Hydrochloride 15 MG Extended Release Oral Tablet,18.2,Pharmacie - Divers
309309,ciprofloxacin 500 MG Oral Tablet,17.21,Pharmacie - Divers
1049504,Abuse-Deterrent 12 HR Oxycodone Hydrochloride 10 MG Extended Release Oral Tablet [Oxycontin],18.37,Pharmacie - Divers
198440,Acetaminophen 500 MG Oral Tablet,17.42,Pharmacie - Divers
1091392,Methylphenidate Hydrochloride 20 MG Oral Tablet,18.36,Pharmacie - Divers
310798,Hydrochlorothiazide 25 MG Oral Tablet,17.52,Pharmacie - Divers
308136,amLODIPine 2.5 MG Oral Tablet,17.84,Pharmacie - Divers
106892,insulin isophane  human 70 UNT/ML / insulin  regular  human 30 UNT/ML Injectable Suspension [Humulin],18.38,Pharmacie - Divers
314076,lisinopril 10 MG Oral Tablet,18.51,Pharmacie - Divers
310325,ferrous sulfate 325 MG Oral Tablet,18.4,Pharmacie - Divers
2001499,Vitamin B12 5 MG/ML Injectable Solution,18.86,Pharmacie - Divers
314231,Simvastatin 10 MG Oral Tablet,18.62,Pharmacie - Divers
1664463,24 HR tacrolimus 1 MG Extended Release Oral Tablet [Envarsus],18.31,Pharmacie - Divers
209387,Acetaminophen 325 MG Oral Tablet [Tylenol],18.14,Pharmacie - Divers
309362,Clopidogrel 75 MG Oral Tablet,18.47,Pharmacie - Divers
312961,Simvastatin 20 MG Oral Tablet,17.78,Pharmacie - Divers
866412,24 HR metoprolol succinate 100 MG Extended Release Oral Tablet,18.28,Pharmacie - Divers
705129,Nitroglycerin 0.4 MG/ACTUAT Mucosal Spray,17.88,Pharmacie - Divers
197378,Astemizole 10 MG Oral Tablet,18.75,Pharmacie - Divers
834061,Penicillin V Potassium 250 MG Oral Tablet,18.56,Pharmacie - Divers
896001,120 ACTUAT fluticasone propionate 0.11 MG/ACTUAT Metered Dose Inhaler [Flovent],18.89,Pharmacie - Divers
859088,NDA020983 200 ACTUAT albuterol 0.09 MG/ACTUAT Metered Dose Inhaler [Ventolin],17.38,Pharmacie - Divers
204892,clonazePAM 0.25 MG Oral Tablet,18.61,Pharmacie - Divers
1431987,24 HR tacrolimus 5 MG Extended Release Oral Capsule [Astagraf],18.5,Pharmacie - Divers
834102,Penicillin V Potassium 500 MG Oral Tablet,17.66,Pharmacie - Divers
748962,{28 (norethindrone 0.35 MG Oral Tablet) } Pack [Camila 28 Day],17.23,Pharmacie - Divers
310965,Ibuprofen 200 MG Oral Tablet,18.07,Pharmacie - Divers
831533,{28 (norethindrone 0.35 MG Oral Tablet) } Pack [Errin 28 Day],18.12,Pharmacie - Divers
896209,60 ACTUAT Fluticasone propionate 0.25 MG/ACTUAT / salmeterol 0.05 MG/ACTUAT Dry Powder Inhaler,17.74,Pharmacie - Divers
966222,Levothyroxine Sodium 0.075 MG Oral Tablet,17.71,Pharmacie - Divers
745752,NDA021457 200 ACTUAT albuterol 0.09 MG/ACTUAT Metered Dose Inhaler [ProAir],18.08,Pharmacie - Divers
241834,cycloSPORINE  modified 100 MG Oral Capsule,18.28,Pharmacie - Divers
106258,Hydrocortisone 10 MG/ML Topical Cream,18.83,Pharmacie - Divers
243670,aspirin 81 MG Oral Tablet,17.29,Pharmacie - Divers
476350,ezetimibe 10 MG / simvastatin 40 MG Oral Tablet,17.22,Pharmacie - Divers
858813,enalapril maleate 5 MG Oral Tablet,18.37,Pharmacie - Divers
855812,prasugrel 10 MG Oral Tablet,18.8,Pharmacie - Divers
866436,24 HR metoprolol succinate 50 MG Extended Release Oral Tablet,18.86,Pharmacie - Divers
617310,atorvastatin 20 MG Oral Tablet,17.41,Pharmacie - Divers
308182,Amoxicillin 250 MG Oral Capsule,18.39,Pharmacie - Divers
1014678,cetirizine hydrochloride 10 MG Oral Tablet,17.29,Pharmacie - Divers
311700,Midazolam 1 MG/ML Injectable Solution,17.28,Pharmacie - Divers
1234995,Rocuronium bromide 10 MG/ML Injectable Solution,17.43,Pharmacie - Divers
749785,{7 (ethinyl estradiol 0.035 MG / norgestimate 0.18 MG Oral Tablet) / 7 (ethinyl estradiol 0.035 MG / norgestimate 0.215 MG Oral Tablet) / 7 (ethinyl estradiol 0.035 MG / norgestimate 0.25 MG Oral Tablet) / 7 (inert ingredients 1 MG Oral Tablet) } Pack [Ortho Tri-Cyclen 28 Day],18.29,Pharmacie - Divers
212033,aspirin 325 MG Oral Tablet,18.67,Pharmacie - Divers
198039,nitroglycerin 0.4 MG Sublingual Tablet,17.75,Pharmacie - Divers
1361048,heparin sodium  porcine 100 UNT/ML Injectable Solution,17.52,Pharmacie - Divers
749196,clopidogrel 300 MG Oral Tablet,18.05,Pharmacie - Divers
197381,atenolol 50 MG Oral Tablet,17.72,Pharmacie - Divers
197904,lovastatin 20 MG Oral Tablet,18.77,Pharmacie - Divers
979480,losartan potassium 100 MG Oral Tablet,17.25,Pharmacie - Divers
313988,Furosemide 40 MG Oral Tablet,17.5,Pharmacie - Divers
854905,bisoprolol fumarate 5 MG Oral Tablet,17.99,Pharmacie - Divers
314077,lisinopril 20 MG Oral Tablet,18.41,Pharmacie - Divers
308971,carbamazepine 20 MG/ML Oral Suspension [Tegretol],17.57,Pharmacie - Divers
866427,24 HR metoprolol succinate 25 MG Extended Release Oral Tablet,17.34,Pharmacie - Divers
979492,losartan potassium 50 MG Oral Tablet,18.55,Pharmacie - Divers
1361226,heparin sodium  porcine 1000 UNT/ML Injectable Solution,18.23,Pharmacie - Divers
2563431,aspirin 81 MG Oral Capsule [Vazalore],18.84,Pharmacie - Divers
206905,Ibuprofen 400 MG Oral Tablet [Ibu],17.61,Pharmacie - Divers
997501,Fexofenadine hydrochloride 60 MG Oral Tablet,17.1,Pharmacie - Divers
665078,Loratadine 5 MG Chewable Tablet,17.72,Pharmacie - Divers
311372,Loratadine 10 MG Oral Tablet,18.5,Pharmacie - Divers
904419,Alendronic acid 10 MG Oral Tablet,18.27,Pharmacie - Divers
857005,Acetaminophen 325 MG / HYDROcodone Bitartrate 7.5 MG Oral Tablet,18.29,Pharmacie - Divers
200033,carvedilol 25 MG Oral Tablet,18.51,Pharmacie - Divers
1860491,12 HR Hydrocodone Bitartrate 10 MG Extended Release Oral Capsule,18.75,Pharmacie - Divers
997223,Donepezil hydrochloride 10 MG Oral Tablet,17.58,Pharmacie - Divers
1100184,Donepezil hydrochloride 23 MG Oral Tablet,17.17,Pharmacie - Divers
993770,Acetaminophen 300 MG / Codeine Phosphate 15 MG Oral Tablet,18.73,Pharmacie - Divers
854255,enoxaparin sodium 100 MG/ML Injectable Solution,18.02,Pharmacie - Divers
1116635,ticagrelor 90 MG Oral Tablet,17.92,Pharmacie - Divers
200095,irbesartan 150 MG Oral Tablet,18.72,Pharmacie - Divers
1648755,nitrofurantoin  macrocrystals 25 MG / nitrofurantoin  monohydrate 75 MG Oral Capsule,17.88,Pharmacie - Divers
197591,Diazepam 5 MG Oral Tablet,17.26,Pharmacie - Divers
310436,Galantamine 4 MG Oral Tablet,17.18,Pharmacie - Divers
866511,metoprolol tartrate 100 MG Oral Tablet,17.85,Pharmacie - Divers
617311,atorvastatin 40 MG Oral Tablet,17.23,Pharmacie - Divers
197884,lisinopril 40 MG Oral Tablet,18.79,Pharmacie - Divers
897685,verapamil hydrochloride 80 MG Oral Tablet [Calan],17.14,Pharmacie - Divers
197604,Digoxin 0.125 MG Oral Tablet,17.71,Pharmacie - Divers
855332,Warfarin Sodium 5 MG Oral Tablet,18.49,Pharmacie - Divers
349094,budesonide 0.125 MG/ML Inhalation Suspension,17.69,Pharmacie - Divers
749882,{7 (inert ingredients 1 MG Oral Tablet) / 21 (mestranol 0.05 MG / norethindrone 1 MG Oral Tablet) } Pack [Norinyl 1+50 28 Day],18.41,Pharmacie - Divers
859747,rosuvastatin calcium 10 MG Oral Tablet,18.45,Pharmacie - Divers
979485,losartan potassium 25 MG Oral Tablet,17.29,Pharmacie - Divers
1014676,cetirizine hydrochloride 5 MG Oral Tablet,18.64,Pharmacie - Divers
197511,ciprofloxacin 250 MG Oral Tablet,18.05,Pharmacie - Divers
562508,amoxicillin 875 MG / clavulanate 125 MG Oral Tablet,18.62,Pharmacie - Divers
141918,Terfenadine 60 MG Oral Tablet,18.4,Pharmacie - Divers
198335,sulfamethoxazole 800 MG / trimethoprim 160 MG Oral Tablet,18.49,Pharmacie - Divers
608139,atomoxetine 100 MG Oral Capsule,17.1,Pharmacie - Divers
866514,metoprolol tartrate 50 MG Oral Tablet,17.5,Pharmacie - Divers
313185,Tacrine 10 MG Oral Capsule,17.46,Pharmacie - Divers
860518,24 HR carvedilol phosphate 20 MG Extended Release Oral Capsule [Coreg],18.06,Pharmacie - Divers
904458,pravastatin sodium 10 MG Oral Tablet,17.26,Pharmacie - Divers
859751,rosuvastatin calcium 20 MG Oral Tablet,17.83,Pharmacie - Divers
1599803,24 HR Donepezil hydrochloride 10 MG / Memantine hydrochloride 28 MG Extended Release Oral Capsule,18.11,Pharmacie - Divers
197541,Colchicine 0.6 MG Oral Tablet,17.44,Pharmacie - Divers
197319,Allopurinol 100 MG Oral Tablet,17.14,Pharmacie - Divers
259255,atorvastatin 80 MG Oral Tablet,18.49,Pharmacie - Divers
197886,hydrochlorothiazide 12.5 MG / lisinopril 20 MG Oral Tablet,18.11,Pharmacie - Divers
197380,atenolol 25 MG Oral Tablet,17.85,Pharmacie - Divers
617312,atorvastatin 10 MG Oral Tablet,18.1,Pharmacie - Divers
636045,hydrochlorothiazide 25 MG / valsartan 320 MG Oral Tablet,18.52,Pharmacie - Divers
198014,Naproxen 500 MG Oral Tablet,17.95,Pharmacie - Divers
105585,Methotrexate 2.5 MG Oral Tablet,17.61,Pharmacie - Divers
311354,lisinopril 5 MG Oral Tablet,18.04,Pharmacie - Divers
317150,ritonavir 100 MG Oral Capsule,17.57,Pharmacie - Divers
1359269,darunavir 800 MG Oral Tablet,17.97,Pharmacie - Divers
2003249,lamivudine 300 MG / tenofovir disoproxil fumarate 300 MG Oral Tablet,18.51,Pharmacie - Divers
1652673,Doxycycline Monohydrate 50 MG Oral Tablet,17.9,Pharmacie - Divers
311034,insulin  regular  human 100 UNT/ML Injectable Solution,18.25,Pharmacie - Divers
861646,pitavastatin calcium 1 MG Oral Tablet [Livalo],18.12,Pharmacie - Divers
310385,FLUoxetine 20 MG Oral Capsule,18.6,Pharmacie - Divers
198211,simvastatin 40 MG Oral Tablet,18.78,Pharmacie - Divers
198240,Tamoxifen 10 MG Oral Tablet,18.06,Pharmacie - Divers
1601380,palbociclib 100 MG Oral Capsule,17.19,Pharmacie - Divers
746763,NDA020503 200 ACTUAT albuterol 0.09 MG/ACTUAT Metered Dose Inhaler [Proventil],18.48,Pharmacie - Divers
616830,budesonide 0.125 MG/ML Inhalation Suspension [Pulmicort],17.68,Pharmacie - Divers
198188,ramipril 2.5 MG Oral Capsule,18.27,Pharmacie - Divers
904481,pravastatin sodium 80 MG Oral Tablet,17.57,Pharmacie - Divers
197887,hydrochlorothiazide 25 MG / lisinopril 20 MG Oral Tablet,17.83,Pharmacie - Divers
904475,pravastatin sodium 40 MG Oral Tablet,17.45,Pharmacie - Divers
979471,hydrochlorothiazide 25 MG / losartan potassium 100 MG Oral Tablet,17.86,Pharmacie - Divers
904467,pravastatin sodium 20 MG Oral Tablet,17.62,Pharmacie - Divers
200284,hydrochlorothiazide 12.5 MG / valsartan 80 MG Oral Tablet,17.76,Pharmacie - Divers
856980,acetaminophen 300 MG / hydrocodone bitartrate 10 MG Oral Tablet,17.98,Pharmacie - Divers
312938,Sertraline 100 MG Oral Tablet,17.82,Pharmacie - Divers
200064,letrozole 2.5 MG Oral Tablet,18.83,Pharmacie - Divers
1656356,sacubitril 97 MG / valsartan 103 MG Oral Tablet [Entresto],18.77,Pharmacie - Divers
199224,anastrozole 1 MG Oral Tablet,18.85,Pharmacie - Divers
1873983,ribociclib 200 MG Oral Tablet,18.11,Pharmacie - Divers
238100,Lorazepam 2 MG/ML Injectable Solution,17.13,Pharmacie - Divers
200032,carvedilol 12.5 MG Oral Tablet,18.89,Pharmacie - Divers
856535,24 HR propranolol hydrochloride 60 MG Extended Release Oral Capsule,18.87,Pharmacie - Divers
617314,atorvastatin 10 MG Oral Tablet [Lipitor],17.86,Pharmacie - Divers
311353,lisinopril 2.5 MG Oral Tablet,18.13,Pharmacie - Divers
1359133,{5 (ethinyl estradiol 0.02 MG / norethindrone acetate 1 MG Oral Tablet) / 7 (ethinyl estradiol 0.03 MG / norethindrone acetate 1 MG Oral Tablet) / 9 (ethinyl estradiol 0.035 MG / norethindrone acetate 1 MG Oral Tablet) / 7 (ferrous fumarate 75 MG Oral Tablet) } Pack [Estrostep Fe 28 Day],18.78,Pharmacie - Divers
789980,Ampicillin 100 MG/ML Injectable Solution,18.25,Pharmacie - Divers
205326,lisinopril 30 MG Oral Tablet,17.94,Pharmacie - Divers
2123111,NDA020503 200 ACTUAT Albuterol 0.09 MG/ACTUAT Metered Dose Inhaler,18.24,Pharmacie - Divers
896758,labetalol hydrochloride 100 MG Oral Tablet,18.24,Pharmacie - Divers
1946840,abemaciclib 100 MG Oral Tablet [Verzenio],17.2,Pharmacie - Divers
199885,levofloxacin 500 MG Oral Tablet,18.41,Pharmacie - Divers
265764009,Renal dialysis (procedure),1489.13,Urgence
52765003,Intubation (procedure),1461.95,Urgence
430701006,Resuscitation using intravenous fluid (procedure),1511.42,Urgence
305351004,Admission to intensive care unit (procedure),1566.99,Urgence
